{
  "summary": {
    "method": "rag_chunk600_k1",
    "run_id": "20260627_170855",
    "llm_model": "deepseek-v4-flash",
    "embedding_model": "text-embedding-3-small",
    "memory_update_mode": "none",
    "memory_wrapper_store": "none",
    "update_similar_top_k": null,
    "input_file": "mem0 - Copy\\evaluation\\results\\rag_chunk600_k1_5conv.json",
    "num_questions": 762,
    "judge_mode": "paper_binary",
    "judge_model": "deepseek-v4-flash",
    "judge_model_env_var": "JUDGE_MODEL",
    "chat_client": {
      "provider": "beeknoee",
      "uses_beeknoee_api_key": true,
      "uses_openai_api_key_for_chat": false,
      "base_url_configured": true,
      "max_retries": 10,
      "timeout_sec": 600.0
    },
    "judge_runs": 5,
    "judge_runs_requested": 5,
    "judge_runs_effective_avg": 5,
    "judge_cache_file": ".\\mem0 - Copy\\evaluation\\results\\evaluation_rag_chunk600_k1_5conv_judge5\\judge_cache.json",
    "judge_cache_num_items": 762,
    "exact_match_avg": 0.13123359580052493,
    "f1_avg": 0.2602133159078506,
    "bleu1_avg": 0.22673534663329423,
    "judge_score_avg": 0.3674540682414698,
    "judge_score_run_means": [
      0.3661417322834646,
      0.37139107611548555,
      0.35958005249343833,
      0.36876640419947504,
      0.37139107611548555
    ],
    "judge_score_mean_across_runs": 0.3674540682414698,
    "judge_score_std_across_runs": 0.004910311531199387,
    "num_judged": 762,
    "search_latency_avg": 0.35096391042073566,
    "search_latency_p50": 0.31230664253234863,
    "search_latency_p95": 0.5446014642715453,
    "search_latency_trimmed_avg_without_max": 0.3481494124082949,
    "generation_latency_avg": 1.9312943695724167,
    "generation_latency_p50": 1.6583532094955444,
    "generation_latency_p95": 3.6005102038383474,
    "total_latency_avg": 2.2822582799931523,
    "total_latency_p50": 2.0005346536636353,
    "total_latency_p95": 4.162160909175868,
    "total_latency_trimmed_avg_without_max": 2.2625706327415798,
    "max_latency_question": {
      "sample_id": "conv-42",
      "qa_index": 41,
      "category": "2",
      "question": "When did Joanna's laptop crash?",
      "search_latency_sec": 0.2985200881958008,
      "generation_latency_sec": 16.96603775024414,
      "total_latency_sec": 17.26455783843994
    },
    "retrieved_memory_tokens_avg": 598.7650918635171,
    "retrieved_memory_tokens_p50": 600.0,
    "retrieved_memory_tokens_p95": 600.0,
    "retrieved_memory_tokens_total": 456259,
    "retrieved_memory_tokens_pre_trim_avg": 598.7650918635171,
    "retrieved_memory_tokens_pre_trim_p50": 600.0,
    "retrieved_memory_tokens_pre_trim_p95": 600.0,
    "retrieved_memory_tokens_pre_trim_total": 456259,
    "answer_prompt_tokens": 0,
    "answer_completion_tokens": 0,
    "answer_total_tokens": 0,
    "judge_prompt_tokens": 1597885,
    "judge_completion_tokens": 385525,
    "judge_total_tokens": 1983410,
    "estimated_answer_cost_usd": 0.0,
    "estimated_judge_cost_usd": 0.47099775,
    "estimated_total_logged_cost_usd": 0.47099775,
    "note": "Cost estimate includes only logged answer-generation and judge tokens. It does not include internal framework calls during memory.add/search unless the runner logs them."
  },
  "category_summary": {
    "1": {
      "num_questions": 142,
      "exact_match_avg": 0.02112676056338028,
      "f1_avg": 0.19176352914795003,
      "bleu1_avg": 0.12876416251215014,
      "judge_score_avg": 0.3295774647887324,
      "judge_score_run_means": [
        0.3380281690140845,
        0.3380281690140845,
        0.2887323943661972,
        0.3380281690140845,
        0.34507042253521125
      ],
      "judge_score_std_across_runs": 0.02303581300534665,
      "search_latency_avg": 0.3527317298969752,
      "search_latency_p50": 0.32160425186157227,
      "search_latency_p95": 0.5419547796249387,
      "search_latency_trimmed_avg_without_max": 0.34710157171208805,
      "generation_latency_avg": 1.8908579047297087,
      "total_latency_avg": 2.243589634626684,
      "total_latency_p50": 2.0120882987976074,
      "total_latency_p95": 4.096651959419249,
      "total_latency_trimmed_avg_without_max": 2.2046585810099932,
      "max_latency_question": {
        "sample_id": "conv-42",
        "qa_index": 62,
        "category": "1",
        "question": "What mediums does Nate use to play games?",
        "search_latency_sec": 0.2948000431060791,
        "generation_latency_sec": 7.438068151473999,
        "total_latency_sec": 7.732868194580078
      },
      "retrieved_memory_tokens_avg": 599.0281690140845,
      "retrieved_memory_tokens_p50": 600.0,
      "retrieved_memory_tokens_p95": 600.0,
      "retrieved_memory_tokens_total": 85062,
      "retrieved_memory_tokens_pre_trim_avg": 599.0281690140845,
      "retrieved_memory_tokens_pre_trim_p50": 600.0,
      "retrieved_memory_tokens_pre_trim_p95": 600.0,
      "retrieved_memory_tokens_pre_trim_total": 85062,
      "total_tokens": 0
    },
    "2": {
      "num_questions": 156,
      "exact_match_avg": 0.07051282051282051,
      "f1_avg": 0.17313288563288562,
      "bleu1_avg": 0.14885652749484493,
      "judge_score_avg": 0.2128205128205128,
      "judge_score_run_means": [
        0.21153846153846154,
        0.22435897435897437,
        0.21794871794871795,
        0.20512820512820512,
        0.20512820512820512
      ],
      "judge_score_std_across_runs": 0.008357951801541863,
      "search_latency_avg": 0.3553746312092512,
      "search_latency_p50": 0.31021130084991455,
      "search_latency_p95": 0.5451829433441162,
      "search_latency_trimmed_avg_without_max": 0.34302020688210766,
      "generation_latency_avg": 2.401636528663146,
      "total_latency_avg": 2.7570111598723974,
      "total_latency_p50": 2.070693612098694,
      "total_latency_p95": 7.015011191368103,
      "total_latency_trimmed_avg_without_max": 2.6634140845268,
      "max_latency_question": {
        "sample_id": "conv-42",
        "qa_index": 41,
        "category": "2",
        "question": "When did Joanna's laptop crash?",
        "search_latency_sec": 0.2985200881958008,
        "generation_latency_sec": 16.96603775024414,
        "total_latency_sec": 17.26455783843994
      },
      "retrieved_memory_tokens_avg": 600,
      "retrieved_memory_tokens_p50": 600.0,
      "retrieved_memory_tokens_p95": 600.0,
      "retrieved_memory_tokens_total": 93600,
      "retrieved_memory_tokens_pre_trim_avg": 600,
      "retrieved_memory_tokens_pre_trim_p50": 600.0,
      "retrieved_memory_tokens_pre_trim_p95": 600.0,
      "retrieved_memory_tokens_pre_trim_total": 93600,
      "total_tokens": 0
    },
    "3": {
      "num_questions": 46,
      "exact_match_avg": 0.06521739130434782,
      "f1_avg": 0.1255966433396101,
      "bleu1_avg": 0.09885216936294716,
      "judge_score_avg": 0.18695652173913044,
      "judge_score_run_means": [
        0.17391304347826086,
        0.1956521739130435,
        0.17391304347826086,
        0.1956521739130435,
        0.1956521739130435
      ],
      "judge_score_std_across_runs": 0.011907012119677532,
      "search_latency_avg": 0.32350452568220056,
      "search_latency_p50": 0.3177253007888794,
      "search_latency_p95": 0.4280128479003906,
      "search_latency_trimmed_avg_without_max": 0.3184098720550537,
      "generation_latency_avg": 1.7230099387790845,
      "total_latency_avg": 2.046514464461285,
      "total_latency_p50": 1.9956207275390625,
      "total_latency_p95": 2.559506595134735,
      "total_latency_trimmed_avg_without_max": 2.0090357144673665,
      "max_latency_question": {
        "sample_id": "conv-42",
        "qa_index": 86,
        "category": "3",
        "question": "What kind of job is Joanna beginning to preform the duties of because of her movie scripts?",
        "search_latency_sec": 0.29035162925720215,
        "generation_latency_sec": 3.44270658493042,
        "total_latency_sec": 3.733058214187622
      },
      "retrieved_memory_tokens_avg": 600,